CREATE DATABASE  IF NOT EXISTS `randel_moore_sweetandsavory` /*!40100 DEFAULT CHARACTER SET utf8mb4 COLLATE utf8mb4_0900_ai_ci */ /*!80016 DEFAULT ENCRYPTION='N' */;
USE `randel_moore_sweetandsavory`;
-- MySQL dump 10.13  Distrib 8.0.22, for Win64 (x86_64)
--
-- Host: localhost    Database: randel_moore_sweetandsavory
-- ------------------------------------------------------
-- Server version	8.0.22

/*!40101 SET @OLD_CHARACTER_SET_CLIENT=@@CHARACTER_SET_CLIENT */;
/*!40101 SET @OLD_CHARACTER_SET_RESULTS=@@CHARACTER_SET_RESULTS */;
/*!40101 SET @OLD_COLLATION_CONNECTION=@@COLLATION_CONNECTION */;
/*!50503 SET NAMES utf8 */;
/*!40103 SET @OLD_TIME_ZONE=@@TIME_ZONE */;
/*!40103 SET TIME_ZONE='+00:00' */;
/*!40014 SET @OLD_UNIQUE_CHECKS=@@UNIQUE_CHECKS, UNIQUE_CHECKS=0 */;
/*!40014 SET @OLD_FOREIGN_KEY_CHECKS=@@FOREIGN_KEY_CHECKS, FOREIGN_KEY_CHECKS=0 */;
/*!40101 SET @OLD_SQL_MODE=@@SQL_MODE, SQL_MODE='NO_AUTO_VALUE_ON_ZERO' */;
/*!40111 SET @OLD_SQL_NOTES=@@SQL_NOTES, SQL_NOTES=0 */;

--
-- Table structure for table `__efmigrationshistory`
--

DROP TABLE IF EXISTS `__efmigrationshistory`;
/*!40101 SET @saved_cs_client     = @@character_set_client */;
/*!50503 SET character_set_client = utf8mb4 */;
CREATE TABLE `__efmigrationshistory` (
  `MigrationId` varchar(95) NOT NULL,
  `ProductVersion` varchar(32) NOT NULL,
  PRIMARY KEY (`MigrationId`)
) ENGINE=InnoDB DEFAULT CHARSET=utf8mb4 COLLATE=utf8mb4_0900_ai_ci;
/*!40101 SET character_set_client = @saved_cs_client */;

--
-- Dumping data for table `__efmigrationshistory`
--

LOCK TABLES `__efmigrationshistory` WRITE;
/*!40000 ALTER TABLE `__efmigrationshistory` DISABLE KEYS */;
INSERT INTO `__efmigrationshistory` VALUES ('20210115182310_Initial','2.2.4-servicing-10062'),('20210115183741_addIdentity','2.2.4-servicing-10062'),('20210121132019_changeDatePropertyName','2.2.4-servicing-10062');
/*!40000 ALTER TABLE `__efmigrationshistory` ENABLE KEYS */;
UNLOCK TABLES;

--
-- Table structure for table `aspnetroleclaims`
--

DROP TABLE IF EXISTS `aspnetroleclaims`;
/*!40101 SET @saved_cs_client     = @@character_set_client */;
/*!50503 SET character_set_client = utf8mb4 */;
CREATE TABLE `aspnetroleclaims` (
  `Id` int NOT NULL AUTO_INCREMENT,
  `RoleId` varchar(255) NOT NULL,
  `ClaimType` longtext,
  `ClaimValue` longtext,
  PRIMARY KEY (`Id`),
  KEY `IX_AspNetRoleClaims_RoleId` (`RoleId`),
  CONSTRAINT `FK_AspNetRoleClaims_AspNetRoles_RoleId` FOREIGN KEY (`RoleId`) REFERENCES `aspnetroles` (`Id`) ON DELETE CASCADE
) ENGINE=InnoDB DEFAULT CHARSET=utf8mb4 COLLATE=utf8mb4_0900_ai_ci;
/*!40101 SET character_set_client = @saved_cs_client */;

--
-- Dumping data for table `aspnetroleclaims`
--

LOCK TABLES `aspnetroleclaims` WRITE;
/*!40000 ALTER TABLE `aspnetroleclaims` DISABLE KEYS */;
/*!40000 ALTER TABLE `aspnetroleclaims` ENABLE KEYS */;
UNLOCK TABLES;

--
-- Table structure for table `aspnetroles`
--

DROP TABLE IF EXISTS `aspnetroles`;
/*!40101 SET @saved_cs_client     = @@character_set_client */;
/*!50503 SET character_set_client = utf8mb4 */;
CREATE TABLE `aspnetroles` (
  `Id` varchar(255) NOT NULL,
  `Name` varchar(256) DEFAULT NULL,
  `NormalizedName` varchar(256) DEFAULT NULL,
  `ConcurrencyStamp` longtext,
  PRIMARY KEY (`Id`),
  UNIQUE KEY `RoleNameIndex` (`NormalizedName`)
) ENGINE=InnoDB DEFAULT CHARSET=utf8mb4 COLLATE=utf8mb4_0900_ai_ci;
/*!40101 SET character_set_client = @saved_cs_client */;

--
-- Dumping data for table `aspnetroles`
--

LOCK TABLES `aspnetroles` WRITE;
/*!40000 ALTER TABLE `aspnetroles` DISABLE KEYS */;
/*!40000 ALTER TABLE `aspnetroles` ENABLE KEYS */;
UNLOCK TABLES;

--
-- Table structure for table `aspnetuserclaims`
--

DROP TABLE IF EXISTS `aspnetuserclaims`;
/*!40101 SET @saved_cs_client     = @@character_set_client */;
/*!50503 SET character_set_client = utf8mb4 */;
CREATE TABLE `aspnetuserclaims` (
  `Id` int NOT NULL AUTO_INCREMENT,
  `UserId` varchar(255) NOT NULL,
  `ClaimType` longtext,
  `ClaimValue` longtext,
  PRIMARY KEY (`Id`),
  KEY `IX_AspNetUserClaims_UserId` (`UserId`),
  CONSTRAINT `FK_AspNetUserClaims_AspNetUsers_UserId` FOREIGN KEY (`UserId`) REFERENCES `aspnetusers` (`Id`) ON DELETE CASCADE
) ENGINE=InnoDB DEFAULT CHARSET=utf8mb4 COLLATE=utf8mb4_0900_ai_ci;
/*!40101 SET character_set_client = @saved_cs_client */;

--
-- Dumping data for table `aspnetuserclaims`
--

LOCK TABLES `aspnetuserclaims` WRITE;
/*!40000 ALTER TABLE `aspnetuserclaims` DISABLE KEYS */;
/*!40000 ALTER TABLE `aspnetuserclaims` ENABLE KEYS */;
UNLOCK TABLES;

--
-- Table structure for table `aspnetuserlogins`
--

DROP TABLE IF EXISTS `aspnetuserlogins`;
/*!40101 SET @saved_cs_client     = @@character_set_client */;
/*!50503 SET character_set_client = utf8mb4 */;
CREATE TABLE `aspnetuserlogins` (
  `LoginProvider` varchar(255) NOT NULL,
  `ProviderKey` varchar(255) NOT NULL,
  `ProviderDisplayName` longtext,
  `UserId` varchar(255) NOT NULL,
  PRIMARY KEY (`LoginProvider`,`ProviderKey`),
  KEY `IX_AspNetUserLogins_UserId` (`UserId`),
  CONSTRAINT `FK_AspNetUserLogins_AspNetUsers_UserId` FOREIGN KEY (`UserId`) REFERENCES `aspnetusers` (`Id`) ON DELETE CASCADE
) ENGINE=InnoDB DEFAULT CHARSET=utf8mb4 COLLATE=utf8mb4_0900_ai_ci;
/*!40101 SET character_set_client = @saved_cs_client */;

--
-- Dumping data for table `aspnetuserlogins`
--

LOCK TABLES `aspnetuserlogins` WRITE;
/*!40000 ALTER TABLE `aspnetuserlogins` DISABLE KEYS */;
/*!40000 ALTER TABLE `aspnetuserlogins` ENABLE KEYS */;
UNLOCK TABLES;

--
-- Table structure for table `aspnetuserroles`
--

DROP TABLE IF EXISTS `aspnetuserroles`;
/*!40101 SET @saved_cs_client     = @@character_set_client */;
/*!50503 SET character_set_client = utf8mb4 */;
CREATE TABLE `aspnetuserroles` (
  `UserId` varchar(255) NOT NULL,
  `RoleId` varchar(255) NOT NULL,
  PRIMARY KEY (`UserId`,`RoleId`),
  KEY `IX_AspNetUserRoles_RoleId` (`RoleId`),
  CONSTRAINT `FK_AspNetUserRoles_AspNetRoles_RoleId` FOREIGN KEY (`RoleId`) REFERENCES `aspnetroles` (`Id`) ON DELETE CASCADE,
  CONSTRAINT `FK_AspNetUserRoles_AspNetUsers_UserId` FOREIGN KEY (`UserId`) REFERENCES `aspnetusers` (`Id`) ON DELETE CASCADE
) ENGINE=InnoDB DEFAULT CHARSET=utf8mb4 COLLATE=utf8mb4_0900_ai_ci;
/*!40101 SET character_set_client = @saved_cs_client */;

--
-- Dumping data for table `aspnetuserroles`
--

LOCK TABLES `aspnetuserroles` WRITE;
/*!40000 ALTER TABLE `aspnetuserroles` DISABLE KEYS */;
/*!40000 ALTER TABLE `aspnetuserroles` ENABLE KEYS */;
UNLOCK TABLES;

--
-- Table structure for table `aspnetusers`
--

DROP TABLE IF EXISTS `aspnetusers`;
/*!40101 SET @saved_cs_client     = @@character_set_client */;
/*!50503 SET character_set_client = utf8mb4 */;
CREATE TABLE `aspnetusers` (
  `Id` varchar(255) NOT NULL,
  `UserName` varchar(256) DEFAULT NULL,
  `NormalizedUserName` varchar(256) DEFAULT NULL,
  `Email` varchar(256) DEFAULT NULL,
  `NormalizedEmail` varchar(256) DEFAULT NULL,
  `EmailConfirmed` bit(1) NOT NULL,
  `PasswordHash` longtext,
  `SecurityStamp` longtext,
  `ConcurrencyStamp` longtext,
  `PhoneNumber` longtext,
  `PhoneNumberConfirmed` bit(1) NOT NULL,
  `TwoFactorEnabled` bit(1) NOT NULL,
  `LockoutEnd` datetime(6) DEFAULT NULL,
  `LockoutEnabled` bit(1) NOT NULL,
  `AccessFailedCount` int NOT NULL,
  PRIMARY KEY (`Id`),
  UNIQUE KEY `UserNameIndex` (`NormalizedUserName`),
  KEY `EmailIndex` (`NormalizedEmail`)
) ENGINE=InnoDB DEFAULT CHARSET=utf8mb4 COLLATE=utf8mb4_0900_ai_ci;
/*!40101 SET character_set_client = @saved_cs_client */;

--
-- Dumping data for table `aspnetusers`
--

LOCK TABLES `aspnetusers` WRITE;
/*!40000 ALTER TABLE `aspnetusers` DISABLE KEYS */;
INSERT INTO `aspnetusers` VALUES ('257f8b9d-c25f-47f2-8203-14d84eb2d265','test','TEST',NULL,NULL,_binary '\0','AQAAAAEAACcQAAAAENkrDUQjqgsD8pYdwazYYT22dBG+fyZF69TaZEqC8AEtT/4N2VoTDMMakDDJM3klwA==','6IYKL7UPCL2MT4CV6JYIOATFDRG63UVH','f5de03aa-3b3f-4cc4-b87c-898ca8f69d54',NULL,_binary '\0',_binary '\0',NULL,_binary '',0),('6c681e4d-251d-4608-9bfa-07d224e26bec','test@email.com','TEST@EMAIL.COM',NULL,NULL,_binary '\0','AQAAAAEAACcQAAAAEKkHzFP1GDvumQsK8nlr9oaEEwbtc/irfcSV9upZuzgLgfuUvEbLGJTqM8Yz7RgeUg==','LV54YISTHYYDLBEMGAN3VARQNCM26NDG','32c2df40-be78-49a5-8647-f5c374426df8',NULL,_binary '\0',_binary '\0',NULL,_binary '',0);
/*!40000 ALTER TABLE `aspnetusers` ENABLE KEYS */;
UNLOCK TABLES;

--
-- Table structure for table `aspnetusertokens`
--

DROP TABLE IF EXISTS `aspnetusertokens`;
/*!40101 SET @saved_cs_client     = @@character_set_client */;
/*!50503 SET character_set_client = utf8mb4 */;
CREATE TABLE `aspnetusertokens` (
  `UserId` varchar(255) NOT NULL,
  `LoginProvider` varchar(255) NOT NULL,
  `Name` varchar(255) NOT NULL,
  `Value` longtext,
  PRIMARY KEY (`UserId`,`LoginProvider`,`Name`),
  CONSTRAINT `FK_AspNetUserTokens_AspNetUsers_UserId` FOREIGN KEY (`UserId`) REFERENCES `aspnetusers` (`Id`) ON DELETE CASCADE
) ENGINE=InnoDB DEFAULT CHARSET=utf8mb4 COLLATE=utf8mb4_0900_ai_ci;
/*!40101 SET character_set_client = @saved_cs_client */;

--
-- Dumping data for table `aspnetusertokens`
--

LOCK TABLES `aspnetusertokens` WRITE;
/*!40000 ALTER TABLE `aspnetusertokens` DISABLE KEYS */;
/*!40000 ALTER TABLE `aspnetusertokens` ENABLE KEYS */;
UNLOCK TABLES;

--
-- Table structure for table `flavors`
--

DROP TABLE IF EXISTS `flavors`;
/*!40101 SET @saved_cs_client     = @@character_set_client */;
/*!50503 SET character_set_client = utf8mb4 */;
CREATE TABLE `flavors` (
  `FlavorId` int NOT NULL AUTO_INCREMENT,
  `DateAdded` datetime(6) NOT NULL DEFAULT '0001-01-01 00:00:00.000000',
  `FlavorName` longtext,
  PRIMARY KEY (`FlavorId`)
) ENGINE=InnoDB AUTO_INCREMENT=7 DEFAULT CHARSET=utf8mb4 COLLATE=utf8mb4_0900_ai_ci;
/*!40101 SET character_set_client = @saved_cs_client */;

--
-- Dumping data for table `flavors`
--

LOCK TABLES `flavors` WRITE;
/*!40000 ALTER TABLE `flavors` DISABLE KEYS */;
INSERT INTO `flavors` VALUES (1,'2021-01-21 00:00:00.000000','Lemon Poppyseed'),(2,'2021-01-21 00:00:00.000000','Vanilla'),(3,'2021-01-21 00:00:00.000000','Vanilla-Lime'),(5,'2021-01-21 00:00:00.000000','Lemon'),(6,'2021-01-21 00:00:00.000000','Pistachio');
/*!40000 ALTER TABLE `flavors` ENABLE KEYS */;
UNLOCK TABLES;

--
-- Table structure for table `treatflavor`
--

DROP TABLE IF EXISTS `treatflavor`;
/*!40101 SET @saved_cs_client     = @@character_set_client */;
/*!50503 SET character_set_client = utf8mb4 */;
CREATE TABLE `treatflavor` (
  `TreatFlavorId` int NOT NULL AUTO_INCREMENT,
  `TreatId` int NOT NULL,
  `FlavorId` int NOT NULL,
  PRIMARY KEY (`TreatFlavorId`),
  KEY `IX_TreatFlavor_FlavorId` (`FlavorId`),
  KEY `IX_TreatFlavor_TreatId` (`TreatId`),
  CONSTRAINT `FK_TreatFlavor_Flavors_FlavorId` FOREIGN KEY (`FlavorId`) REFERENCES `flavors` (`FlavorId`) ON DELETE CASCADE,
  CONSTRAINT `FK_TreatFlavor_Treats_TreatId` FOREIGN KEY (`TreatId`) REFERENCES `treats` (`TreatId`) ON DELETE CASCADE
) ENGINE=InnoDB AUTO_INCREMENT=6 DEFAULT CHARSET=utf8mb4 COLLATE=utf8mb4_0900_ai_ci;
/*!40101 SET character_set_client = @saved_cs_client */;

--
-- Dumping data for table `treatflavor`
--

LOCK TABLES `treatflavor` WRITE;
/*!40000 ALTER TABLE `treatflavor` DISABLE KEYS */;
INSERT INTO `treatflavor` VALUES (1,1,1),(2,2,2),(3,2,3),(4,3,5),(5,2,6);
/*!40000 ALTER TABLE `treatflavor` ENABLE KEYS */;
UNLOCK TABLES;

--
-- Table structure for table `treats`
--

DROP TABLE IF EXISTS `treats`;
/*!40101 SET @saved_cs_client     = @@character_set_client */;
/*!50503 SET character_set_client = utf8mb4 */;
CREATE TABLE `treats` (
  `TreatId` int NOT NULL AUTO_INCREMENT,
  `DateAdded` datetime(6) NOT NULL DEFAULT '0001-01-01 00:00:00.000000',
  `TreatName` longtext,
  PRIMARY KEY (`TreatId`)
) ENGINE=InnoDB AUTO_INCREMENT=4 DEFAULT CHARSET=utf8mb4 COLLATE=utf8mb4_0900_ai_ci;
/*!40101 SET character_set_client = @saved_cs_client */;

--
-- Dumping data for table `treats`
--

LOCK TABLES `treats` WRITE;
/*!40000 ALTER TABLE `treats` DISABLE KEYS */;
INSERT INTO `treats` VALUES (1,'2021-01-21 00:00:00.000000','Scone'),(2,'2021-01-21 00:00:00.000000','Creme Brulee'),(3,'2021-01-21 00:00:00.000000','Mexican Wedding Cookie');
/*!40000 ALTER TABLE `treats` ENABLE KEYS */;
UNLOCK TABLES;
/*!40103 SET TIME_ZONE=@OLD_TIME_ZONE */;

/*!40101 SET SQL_MODE=@OLD_SQL_MODE */;
/*!40014 SET FOREIGN_KEY_CHECKS=@OLD_FOREIGN_KEY_CHECKS */;
/*!40014 SET UNIQUE_CHECKS=@OLD_UNIQUE_CHECKS */;
/*!40101 SET CHARACTER_SET_CLIENT=@OLD_CHARACTER_SET_CLIENT */;
/*!40101 SET CHARACTER_SET_RESULTS=@OLD_CHARACTER_SET_RESULTS */;
/*!40101 SET COLLATION_CONNECTION=@OLD_COLLATION_CONNECTION */;
/*!40111 SET SQL_NOTES=@OLD_SQL_NOTES */;

-- Dump completed on 2021-01-21  8:13:32
